"Psicologo","Paziente","Terapia","DataOdierna","DataTest","NotificaPaziente"
"Ciccio","Giacomino","Questo test non è andato molto bene purtroppo.
Ti aumento la dose del farmaco Y invece che 1 volta al giorno,
2 volte al giorno mattina e sera.","2024-06-20","2024-06-14","0"
"Ciccio","Ginny_98","Il tuo test è andato benino.","2024-07-04","2024-06-13","0"
"Ciccio","Ginny_98","Questo test purtroppo è andato male. In settimana provvederò
ad inviarti un test sulla personalità.","2024-07-05","2024-06-19","0"
"Ciccio","Ginny_98","Il tuo test è andato così e così; il voto non è altissimo ma neanche
eccessivamente basso. Per il momento interrompi la terapia e durante
la prossima settimana ci risentiamo in modo che vediamo come
procedono le cose.","2024-07-05","2024-06-26","0"
"Ciccio","_Venere@_","Il tuo test è andato benissimo! Complimenti!","2024-07-05","2024-07-01","1"
"Ciccio","Giacomino","Il test non è andato molto bene, continua con la cura che ti ho prescritto
e inviami una richiesta di appuntamento. ","2024-12-14","2024-06-19","0"
"Ciccio","Giacomino","Sei un grande! Prendi appuntamento per salutarci. Buone feste. ","2024-12-14","2024-12-14","0"
